<keymap version="1" name="Default for XWin copy" parent="Default for XWin">
  <action id="ActivateDebugToolWindow">
    <keyboard-shortcut first-keystroke="alt 3" />
  </action>
  <action id="ActivateFavoritesToolWindow" />
  <action id="ActivateFindToolWindow" />
  <action id="ActivateRunDashboardToolWindow">
    <keyboard-shortcut first-keystroke="alt 2" />
  </action>
  <action id="ActivateTODOToolWindow" />
  <action id="Annotate">
    <keyboard-shortcut first-keystroke="shift alt z" />
  </action>
  <action id="Javascript.Linters.EsLint.Fix">
    <keyboard-shortcut first-keystroke="shift alt e" />
  </action>
  <action id="Scala.ShowImplicits">
    <keyboard-shortcut first-keystroke="shift ctrl alt equals" />
    <keyboard-shortcut first-keystroke="shift ctrl alt add" />
  </action>
  <action id="ServiceView.ActivateRunDashboard">
    <keyboard-shortcut first-keystroke="alt 2" />
  </action>
  <action id="SplitHorizontally">
    <keyboard-shortcut first-keystroke="shift alt h" />
  </action>
  <action id="SplitVertically">
    <keyboard-shortcut first-keystroke="shift alt v" />
  </action>
</keymap>